Month,Units Sold
1,2.193548387096774
2,2.6551724137931036
3,2.6451612903225805
4,2.1666666666666665
5,1.935483870967742
6,2.033333333333333
7,1.7096774193548387
8,1.9259259259259258
